{"_step":999,"thr_at_spec_40/test":0.28206491470336914,"acc/val":71.9047619047619,"auc/train":0.8600010656436488,"f1/test":74.28688911578679,"sens_at_spec_20/test":0.9813519813519813,"f1/val":76.79531748497264,"loss/train":0.4862104549025097,"acc/train":83.13868613138686,"loss/test":0.6023225979414767,"acc/test":70.25948103792416,"epoch":1000,"sens_at_spec_60/test":0.7249417249417249,"spec_at_spec_20/val":0.21739130434782605,"thr_at_spec_20/test":0.28202584385871887,"acc_balanced/train":83.12340153452685,"auc/test":0.7640183890183891,"acc_balanced/test":66.45299145299145,"thr_at_spec_60/val":0.5484812259674072,"f1/train":83.12970496682345,"spec_at_spec_60/test":0.6111111111111112,"lr":4.00272335980214e-10,"spec_at_spec_40/val":0.4347826086956522,"sens_at_spec_60/val":0.732620320855615,"thr_at_spec_60/test":0.3374568223953247,"sens_at_spec_40/test":0.9067599067599068,"_timestamp":1.756876661700723e+09,"_wandb":{"runtime":1632},"auc/val":0.7265752150662637,"acc_balanced/val":67.0657986514764,"spec_at_spec_40/test":0.4027777777777778,"worst_acc/train":81.02941176470588,"thr_at_spec_20/val":0.2821192741394043,"sens_at_spec_40/val":0.839572192513369,"loss/val":0.5873854693912325,"sens_at_spec_20/val":0.9144385026737968,"spec_at_spec_20/test":0.20833333333333337,"_runtime":1631.979836076,"spec_at_spec_60/val":0.6086956521739131,"thr_at_spec_40/val":0.28258734941482544}