{"loss/val":0.6930783649285635,"_wandb":{"runtime":136},"f1/val":83.88868897685018,"sens_at_spec_20/test":0.16317016317016317,"_step":42,"thr_at_spec_40/test":0.5000077486038208,"thr_at_spec_60/test":0.5000077486038208,"acc_balanced/val":50,"sens_at_spec_40/val":0.44385026737967914,"_runtime":136.87836054,"spec_at_spec_60/test":0.8888888888888888,"loss/test":0.6931361835635826,"epoch":42,"spec_at_spec_40/val":0.6956521739130435,"spec_at_spec_60/val":0.6956521739130435,"acc/val":89.04761904761904,"auc/val":0.5697512206463613,"thr_at_spec_60/val":0.5000441074371338,"thr_at_spec_20/val":0.5000441074371338,"lr":8.568998370250488e-06,"f1/train":36.37660325745628,"acc/test":85.62874251497006,"sens_at_spec_60/test":0.16317016317016317,"sens_at_spec_20/val":0.44385026737967914,"loss/train":0.693144763908247,"acc_balanced/test":50,"auc/train":0.4972961766013474,"spec_at_spec_40/test":0.8888888888888888,"acc/train":52.700729927007295,"thr_at_spec_40/val":0.5000441074371338,"acc_balanced/train":50,"sens_at_spec_40/test":0.16317016317016317,"sens_at_spec_60/val":0.44385026737967914,"auc/test":0.526029526029526,"thr_at_spec_20/test":0.5000077486038208,"worst_acc/train":0,"spec_at_spec_20/val":0.6956521739130435,"_timestamp":1.756777929843901e+09,"f1/test":78.99942051381109,"spec_at_spec_20/test":0.8888888888888888}