{"worst_acc/train":77.17717717717719,"loss/test":0.548856311759813,"sens_at_spec_20/val":0.9518716577540107,"spec_at_spec_20/val":0.21739130434782605,"_step":999,"f1/val":76.97283329553498,"thr_at_spec_40/val":0.41169095039367676,"_timestamp":1.756882333912302e+09,"auc/val":0.6958846779818646,"thr_at_spec_40/test":0.33939456939697266,"acc_balanced/train":81.55733858858859,"auc/test":0.7314814814814815,"spec_at_spec_40/test":0.4305555555555556,"f1/test":73.05899127556614,"loss/train":0.37917700792751174,"acc_balanced/test":66.09848484848484,"sens_at_spec_40/test":0.8578088578088578,"acc_balanced/val":63.52011160195303,"thr_at_spec_60/test":0.4701586365699768,"acc/val":72.38095238095238,"acc/train":81.67883211678833,"sens_at_spec_60/val":0.6898395721925134,"_wandb":{"runtime":1969},"sens_at_spec_60/test":0.7296037296037297,"thr_at_spec_20/test":0.19711920619010925,"epoch":1000,"loss/val":0.5113110481251386,"thr_at_spec_20/val":0.2271277755498886,"sens_at_spec_40/val":0.8235294117647058,"spec_at_spec_40/val":0.4347826086956522,"sens_at_spec_20/test":0.9393939393939394,"f1/train":81.63154425730453,"_runtime":1969.365944419,"lr":4.00272335980214e-10,"thr_at_spec_60/val":0.565657377243042,"spec_at_spec_60/val":0.6086956521739131,"acc/test":68.6626746506986,"spec_at_spec_20/test":0.23611111111111116,"auc/train":0.9073121416871417,"spec_at_spec_60/test":0.6111111111111112}