{"f1/train":79.87529731266918,"thr_at_spec_20/test":0.16763654351234436,"auc/train":0.897379056323858,"thr_at_spec_60/test":0.43962299823760986,"acc/test":68.26347305389223,"thr_at_spec_20/val":0.23578722774982452,"sens_at_spec_20/test":0.9673659673659674,"spec_at_spec_60/val":0.6086956521739131,"sens_at_spec_60/val":0.679144385026738,"acc/val":70.95238095238095,"loss/val":0.5435456864868424,"_runtime":1229.978285801,"thr_at_spec_40/test":0.28608056902885437,"_step":674,"auc/val":0.7009997674959312,"spec_at_spec_20/val":0.21739130434782605,"epoch":674,"spec_at_spec_40/test":0.4027777777777778,"lr":4.4619853526114675e-05,"thr_at_spec_60/val":0.5376351475715637,"sens_at_spec_20/val":0.9411764705882353,"spec_at_spec_20/test":0.20833333333333337,"_wandb":{"runtime":1229},"acc_balanced/val":64.62450592885376,"_timestamp":1.7568811385439222e+09,"thr_at_spec_40/val":0.3986128568649292,"spec_at_spec_60/test":0.6111111111111112,"spec_at_spec_40/val":0.4347826086956522,"worst_acc/train":75.14792899408283,"acc/train":79.92700729927007,"acc_balanced/test":68.75485625485625,"sens_at_spec_40/val":0.8288770053475936,"loss/test":0.5766339253991128,"sens_at_spec_40/test":0.8974358974358975,"f1/test":72.85317017508086,"acc_balanced/train":79.86503077946216,"auc/test":0.7417119917119918,"sens_at_spec_60/test":0.7435897435897436,"loss/train":0.40793734527852415,"f1/val":76.0087180776836}