{"thr_at_spec_40/test":0.3110208213329315,"auc/test":0.7565073815073815,"acc_balanced/val":68.7049523366659,"sens_at_spec_60/val":0.7807486631016043,"thr_at_spec_60/test":0.4422386884689331,"worst_acc/train":72.74119448698315,"spec_at_spec_20/test":0.2222222222222222,"sens_at_spec_40/test":0.9044289044289044,"f1/train":73.94248236868069,"acc_balanced/test":69.22591297591299,"sens_at_spec_60/test":0.7552447552447552,"auc/train":0.8126872860160487,"loss/test":0.5923724088096571,"loss/val":0.5746853746828579,"acc_balanced/train":73.88803099523496,"sens_at_spec_20/test":0.972027972027972,"_runtime":557.789321608,"lr":9.951614527708119e-05,"f1/test":74.27281144052273,"sens_at_spec_20/val":0.8877005347593583,"spec_at_spec_40/test":0.4027777777777778,"acc/test":70.05988023952095,"_wandb":{"runtime":557},"sens_at_spec_40/val":0.8716577540106952,"acc/val":71.42857142857143,"spec_at_spec_40/val":0.4347826086956522,"thr_at_spec_60/val":0.47158193588256836,"thr_at_spec_20/test":0.22133535146713257,"spec_at_spec_60/val":0.6086956521739131,"spec_at_spec_20/val":0.3913043478260869,"spec_at_spec_60/test":0.6111111111111112,"auc/val":0.7196000930016276,"_step":331,"f1/val":76.5079365079365,"thr_at_spec_40/val":0.3904270529747009,"_timestamp":1.756882900433825e+09,"acc/train":73.94160583941606,"epoch":331,"loss/train":0.5477783306671755,"thr_at_spec_20/val":0.3767959177494049}