{"_wandb":{"runtime":189},"thr_at_spec_20/val":0.5002748370170593,"loss/train":0.6931456226502022,"acc_balanced/val":50,"thr_at_spec_60/val":0.5002748370170593,"auc/train":0.4562853641643135,"f1/train":34.13927182750089,"sens_at_spec_20/test":0.16783216783216784,"acc/train":50.36496350364964,"spec_at_spec_20/test":0.7916666666666666,"sens_at_spec_60/val":0.1443850267379679,"loss/val":0.692718155611129,"auc/val":0.45721925133689845,"_timestamp":1.756781321270551e+09,"spec_at_spec_60/test":0.7916666666666666,"spec_at_spec_40/val":0.782608695652174,"sens_at_spec_60/test":0.16783216783216784,"sens_at_spec_20/val":0.1443850267379679,"_runtime":188.901544242,"acc_balanced/test":49.883449883449885,"loss/test":0.692757703705938,"thr_at_spec_40/test":0.5002748370170593,"spec_at_spec_20/val":0.782608695652174,"f1/test":78.90011151002622,"thr_at_spec_20/test":0.5002748370170593,"thr_at_spec_60/test":0.5002748370170593,"spec_at_spec_40/test":0.7916666666666666,"worst_acc/train":0.7299270072992701,"sens_at_spec_40/val":0.1443850267379679,"acc/test":85.42914171656687,"thr_at_spec_40/val":0.5002748370170593,"_step":116,"epoch":117,"acc/val":89.04761904761904,"spec_at_spec_60/val":0.782608695652174,"f1/val":83.88868897685018,"lr":3.574486967412188e-05,"acc_balanced/train":50.36496350364964,"sens_at_spec_40/test":0.16783216783216784,"auc/test":0.4827279202279202}