{"_timestamp":1.7568787487291253e+09,"sens_at_spec_40/test":0.8741258741258742,"thr_at_spec_20/val":0.2735227644443512,"f1/test":76.99814476839771,"sens_at_spec_40/val":0.8342245989304813,"sens_at_spec_60/val":0.7379679144385026,"f1/val":80.95413165266106,"sens_at_spec_20/test":0.9813519813519813,"acc_balanced/test":65.77797202797203,"spec_at_spec_40/test":0.4027777777777778,"thr_at_spec_40/test":0.2734237313270569,"acc/val":78.0952380952381,"spec_at_spec_20/test":0.23611111111111116,"auc/test":0.7541601916601917,"acc_balanced/val":64.82213438735178,"loss/val":0.534996625213396,"f1/train":82.91886985964723,"worst_acc/train":82.20211161387631,"loss/train":0.4894571704586057,"_step":999,"spec_at_spec_60/val":0.6086956521739131,"spec_at_spec_60/test":0.6111111111111112,"spec_at_spec_40/val":0.4347826086956522,"spec_at_spec_20/val":0.30434782608695654,"sens_at_spec_20/val":0.893048128342246,"thr_at_spec_60/test":0.739029049873352,"_wandb":{"runtime":2078},"acc_balanced/train":82.89737829632995,"acc/train":82.91970802919708,"thr_at_spec_40/val":0.2889973223209381,"acc/test":74.05189620758483,"_runtime":2077.839209217,"thr_at_spec_20/test":0.27322426438331604,"thr_at_spec_60/val":0.7403202056884766,"auc/train":0.8680390663500739,"lr":4.00272335980214e-10,"loss/test":0.5792198919964407,"auc/val":0.7146012555219717,"epoch":1000,"sens_at_spec_60/test":0.7505827505827506}