{"_step":25,"epoch":25,"thr_at_spec_20/val":0.48030760884284973,"thr_at_spec_40/val":0.5237172245979309,"f1/val":77.77516380333282,"acc/test":77.84431137724552,"thr_at_spec_60/test":0.5182033181190491,"acc/val":74.76190476190476,"sens_at_spec_60/val":0.6256684491978609,"_wandb":{"runtime":43},"sens_at_spec_40/val":0.7647058823529411,"acc_balanced/train":67.74461664364995,"loss/val":0.615896748644965,"sens_at_spec_40/test":0.8787878787878788,"lr":9.864599608493504e-05,"f1/test":79.60959797217699,"auc/val":0.6763543362008835,"auc/train":0.7556476224575043,"thr_at_spec_60/val":0.5572944283485413,"sens_at_spec_60/test":0.7808857808857809,"thr_at_spec_20/test":0.41707077622413635,"_timestamp":1.7572079720464983e+09,"acc_balanced/val":53.4178098116717,"auc/test":0.7434278684278683,"spec_at_spec_40/val":0.4782608695652174,"thr_at_spec_40/test":0.4717380404472351,"spec_at_spec_20/val":0.21739130434782605,"sens_at_spec_20/val":0.8502673796791443,"spec_at_spec_40/test":0.4027777777777778,"f1/train":67.65520268527382,"loss/train":0.6447744180686282,"acc_balanced/test":65.68084693084693,"loss/test":0.6143686825524786,"_runtime":43.005874515,"spec_at_spec_60/test":0.6111111111111112,"spec_at_spec_20/test":0.2222222222222222,"acc/train":67.73722627737226,"spec_at_spec_60/val":0.7391304347826086,"sens_at_spec_20/test":0.9603729603729604,"worst_acc/train":62.68221574344023}