{"acc/train":78.83211678832117,"sens_at_spec_20/val":0.9251336898395722,"acc_balanced/train":78.85100243175216,"loss/train":0.4665641726368535,"_step":687,"thr_at_spec_40/val":0.3577819764614105,"thr_at_spec_40/test":0.283317506313324,"spec_at_spec_60/val":0.6086956521739131,"f1/test":72.04379120546785,"acc/test":67.26546906187625,"_wandb":{"runtime":1357},"thr_at_spec_20/test":0.1864244043827057,"acc_balanced/val":68.4375726575215,"sens_at_spec_40/val":0.893048128342246,"spec_at_spec_40/val":0.4347826086956522,"f1/train":78.81238747456813,"spec_at_spec_20/test":0.23611111111111116,"auc/train":0.8580248886956559,"sens_at_spec_20/test":0.9696969696969697,"sens_at_spec_40/test":0.8741258741258742,"spec_at_spec_40/test":0.4027777777777778,"_runtime":1357.759706665,"acc/val":70.95238095238095,"thr_at_spec_60/test":0.38190650939941406,"auc/val":0.730295280167403,"spec_at_spec_60/test":0.625,"_timestamp":1.756882529091941e+09,"sens_at_spec_60/test":0.7902097902097902,"sens_at_spec_60/val":0.7433155080213903,"worst_acc/train":75.61683599419449,"f1/val":76.14794526648629,"auc/test":0.7575433825433826,"lr":4.173041061516325e-05,"epoch":687,"acc_balanced/test":68.17210567210567,"thr_at_spec_20/val":0.31075507402420044,"thr_at_spec_60/val":0.4694100320339203,"loss/val":0.5285216723613086,"spec_at_spec_20/val":0.21739130434782605,"loss/test":0.5695000502937092}