{"thr_at_spec_60/test":0.5089902877807617,"spec_at_spec_60/test":0.6111111111111112,"thr_at_spec_20/val":0.5089902877807617,"loss/test":0.6807880926274967,"thr_at_spec_20/test":0.5089902281761169,"auc/val":0.43710764938386426,"auc/test":0.46435508935508935,"thr_at_spec_60/val":0.5089902877807617,"sens_at_spec_60/val":0.22994652406417113,"sens_at_spec_60/test":0.289044289044289,"acc/val":87.61904761904762,"auc/train":0.5147222121575741,"acc/train":53.284671532846716,"spec_at_spec_20/test":0.2777777777777778,"_wandb":{"runtime":720},"thr_at_spec_40/val":0.5089902877807617,"acc/test":85.02994011976048,"spec_at_spec_40/val":0.782608695652174,"_step":452,"f1/val":83.17138022721778,"spec_at_spec_40/test":0.6111111111111112,"thr_at_spec_40/test":0.5089902877807617,"acc_balanced/train":52.8718703976436,"sens_at_spec_20/test":0.6853146853146853,"_timestamp":1.7567880527349699e+09,"worst_acc/train":5.743740795287187,"acc_balanced/test":50.8061383061383,"f1/test":79.39848596620274,"spec_at_spec_60/val":0.782608695652174,"loss/val":0.6799664449124109,"f1/train":39.85759757564218,"sens_at_spec_20/val":0.22994652406417113,"spec_at_spec_20/val":0.782608695652174,"loss/train":0.6917785173785077,"sens_at_spec_40/test":0.289044289044289,"acc_balanced/val":49.19786096256685,"lr":8.866504802815726e-05,"epoch":453,"sens_at_spec_40/val":0.22994652406417113,"_runtime":720.591280328}