{"loss/train":0.4825584173637585,"_runtime":1594.102057221,"thr_at_spec_40/val":0.2793046832084656,"thr_at_spec_60/val":0.7433686256408691,"acc/val":75.71428571428571,"epoch":1000,"sens_at_spec_60/test":0.717948717948718,"sens_at_spec_40/val":0.8288770053475936,"spec_at_spec_20/test":0.20833333333333337,"sens_at_spec_20/val":0.9090909090909091,"acc/train":83.43065693430657,"acc/test":70.85828343313374,"_timestamp":1.7568803548158228e+09,"auc/train":0.8669473940128087,"thr_at_spec_20/val":0.2787758409976959,"_step":999,"spec_at_spec_60/val":0.6086956521739131,"spec_at_spec_40/val":0.4347826086956522,"f1/test":74.6833388865432,"spec_at_spec_40/test":0.4027777777777778,"f1/train":83.42608746106272,"lr":4.00272335980214e-10,"_wandb":{"runtime":1594},"acc_balanced/train":83.39809469376264,"spec_at_spec_60/test":0.625,"thr_at_spec_20/test":0.27871406078338623,"worst_acc/train":82.15892053973015,"spec_at_spec_20/val":0.21739130434782605,"acc_balanced/val":67.2983027202976,"sens_at_spec_40/test":0.9067599067599068,"sens_at_spec_60/val":0.7112299465240641,"sens_at_spec_20/test":0.972027972027972,"thr_at_spec_40/test":0.2787596881389618,"auc/test":0.7577861952861954,"f1/val":79.50550906819129,"thr_at_spec_60/test":0.7314779162406921,"loss/val":0.5526657885029203,"loss/test":0.6039822549520139,"auc/val":0.7202976052080912,"acc_balanced/test":65.64685314685315}